Month,Income,Expense,Net
2020-01,5578.0,17138.25,-11560.25
2020-02,20070.0,17108.41,2961.59
2020-03,3465.0,13581.81,-10116.81
2020-04,7370.0,16233.05,-8863.05
2020-05,6008.0,16846.13,-10838.130000000001
2020-06,12346.0,20680.72,-8334.720000000001
2020-07,6092.0,24026.27,-17934.27
2020-08,14941.0,31386.8,-16445.8
2020-09,1385.0,21515.15,-20130.15
2020-10,12897.0,22162.99,-9265.990000000002
2020-11,8369.0,26735.16,-18366.16
2020-12,3745.0,28358.12,-24613.12
2021-01,13564.0,15817.11,-2253.1100000000006
2021-02,804.0,19925.23,-19121.23
2021-03,30466.0,26223.24,4242.759999999998
2021-04,1168.0,23097.71,-21929.71
2021-05,5283.0,23780.78,-18497.78
2021-06,5599.0,22137.63,-16538.63
2021-07,12726.0,19122.37,-6396.369999999999
2021-08,7445.0,14574.03,-7129.030000000001
2021-09,16445.0,17084.760000000002,-639.760000000002
2021-10,13511.0,12559.57,951.4300000000003
2021-11,12905.0,14325.369999999999,-1420.369999999999
2021-12,30482.0,9996.66,20485.34
2022-01,10946.0,20832.61,-9886.61
2022-02,19899.0,20042.69,-143.6899999999987
2022-03,20747.0,27736.19,-6989.189999999999
2022-04,10218.0,21445.01,-11227.009999999998
2022-05,12317.0,31344.05,-19027.05
2022-06,11304.0,25557.78,-14253.779999999999
2022-07,11355.0,19190.82,-7835.82
2022-08,14408.0,24246.0,-9838.0
2022-09,20023.0,18901.86,1121.1399999999994
2022-10,7195.0,16412.3,-9217.3
2022-11,5295.0,19550.74,-14255.740000000002
2022-12,4019.0,11516.3,-7497.299999999999
2023-01,25952.0,28714.75,-2762.75
2023-02,17267.0,16870.03,396.97000000000116
2023-03,26117.0,16720.78,9396.220000000001
2023-04,4306.0,16726.65,-12420.650000000001
2023-05,20322.0,18021.87,2300.130000000001
2023-06,7871.0,20070.77,-12199.77
2023-07,8101.0,26122.96,-18021.96
2023-08,8178.0,17372.59,-9194.59
2023-09,7926.0,25849.78,-17923.78
2023-10,16717.0,14541.21,2175.790000000001
2023-11,14240.0,22832.52,-8592.52
2023-12,3601.0,20654.329999999998,-17053.329999999998
2024-01,22974.0,29916.13,-6942.130000000001
2024-02,12637.0,23807.3,-11170.3
2024-03,6840.0,16436.43,-9596.43
2024-04,22782.0,15443.17,7338.83
2024-05,4296.0,15822.56,-11526.56
2024-06,13970.0,22554.07,-8584.07
2024-07,19354.0,27716.08,-8362.080000000002
2024-08,6655.0,22933.69,-16278.689999999999
2024-09,19948.0,19383.94,564.0600000000013
2024-10,12974.0,22984.21,-10010.21
2024-11,24139.0,23565.96,573.0400000000009
2024-12,6530.0,10938.92,-4408.92
